{"DEBUG_MODE": false, "DEBUG_MODE_ratio": 0.05, "fold": 1, "path_train_csv": "folds/final_label_split_grouped_by_pid/train_val/5_fold/1/train.csv", "path_test_csv": "folds/final_label_split_grouped_by_pid/train_val/5_fold/1/valid.csv", "path_val_csv": "folds/final_label_split_grouped_by_pid/train_val/5_fold/1/valid.csv", "final_label_type": "Smooth", "justification_label_type": "Smooth", "train_label_header": "Smooth Final Label", "test_label_header": "Final Label", "val_label_header": "Final Label", "weighted_sampler": true, "weighted_sampler_label": "Smooth Final Label", "train_justification_headers": ["Smooth Include NRG ANRS", "Smooth Include NRG ANRI", "Smooth Include NRG RNFLDS", "Smooth Include NRG RNFLDI", "Smooth Include NRG BCLVS", "Smooth Include NRG BCLVI", "Smooth Include NRG NVT", "Smooth Include NRG DH", "Smooth Include NRG LD", "Smooth Include NRG LC"], "test_justification_headers": ["Eval ANRS", "Eval ANRI", "Eval RNFLDS", "Eval RNFLDI", "Eval BCLVS", "Eval BCLVI", "Eval NVT", "Eval DH", "Eval LD", "Eval LC"], "val_justification_headers": ["Eval ANRS", "Eval ANRI", "Eval RNFLDS", "Eval RNFLDI", "Eval BCLVS", "Eval BCLVI", "Eval NVT", "Eval DH", "Eval LD", "Eval LC"], "model_name": "convnext_tiny", "lr": 5e-06, "IMG_SIZE": 896, "BATCH_SIZE": 8, "num_workers": 28, "DataParallel": true, "warmup_epo": 1, "cosine_epo": 30, "early_stopping_patience": 4, "GeM": false, "seed": 2024, "core": null}